cloud_only15,"{'time_now': '2022-03-14T03:01:49.798376', 'time_captured': '2022-03-14T03:01:46.443377', 'plate': 'NDP3545', 'lat': 14.6492368333333, 'lng': 121.068857166667}",cloud,,
cloud_only15,"{'time_now': '2022-03-14T03:01:49.910988', 'time_captured': '2022-03-14T03:01:46.510043', 'plate': 'NDP3545', 'lat': 14.6492368333333, 'lng': 121.068857166667}",cloud,,
cloud_only15,"{'time_now': '2022-03-14T03:01:49.986918', 'time_captured': '2022-03-14T03:01:46.576710', 'plate': 'NDP3545', 'lat': 14.6492368333333, 'lng': 121.068857166667}",cloud,,
cloud_only15,"{'time_now': '2022-03-14T03:01:50.057857', 'time_captured': '2022-03-14T03:01:46.643377', 'plate': 'NDP3545', 'lat': 14.6492368333333, 'lng': 121.068857166667}",cloud,,
cloud_only15,"{'time_now': '2022-03-14T03:01:50.129552', 'time_captured': '2022-03-14T03:01:46.710043', 'plate': 'NDP3545', 'lat': 14.6492368333333, 'lng': 121.068857166667}",cloud,,
cloud_only15,"{'time_now': '2022-03-14T03:01:50.486778', 'time_captured': '2022-03-14T03:01:47.110043', 'plate': 'NDP3545', 'lat': 14.6493096666667, 'lng': 121.0688295}",cloud,,
cloud_only15,"{'time_now': '2022-03-14T03:01:50.728114', 'time_captured': '2022-03-14T03:01:47.376710', 'plate': 'NDP354', 'lat': 14.6493096666667, 'lng': 121.0688295}",cloud,,
cloud_only15,"{'time_now': '2022-03-14T03:01:50.792545', 'time_captured': '2022-03-14T03:01:47.443377', 'plate': 'NDP354', 'lat': 14.6493096666667, 'lng': 121.0688295}",cloud,,
cloud_only15,"{'time_now': '2022-03-14T03:01:51.036357', 'time_captured': '2022-03-14T03:01:47.643377', 'plate': 'NDP3545', 'lat': 14.6493096666667, 'lng': 121.0688295}",cloud,,
cloud_only15,"{'time_now': '2022-03-14T03:01:51.417030', 'time_captured': '2022-03-14T03:01:48.043377', 'plate': 'NDP354', 'lat': 14.6493833333333, 'lng': 121.068794833333}",cloud,,
cloud_only15,"{'time_now': '2022-03-14T03:01:51.481038', 'time_captured': '2022-03-14T03:01:48.110043', 'plate': 'NDP354', 'lat': 14.6493833333333, 'lng': 121.068794833333}",cloud,,
cloud_only15,"{'time_now': '2022-03-14T03:01:51.568613', 'time_captured': '2022-03-14T03:01:48.176710', 'plate': 'NDP354', 'lat': 14.6493833333333, 'lng': 121.068794833333}",cloud,,
cloud_only15,"{'time_now': '2022-03-14T03:01:52.375206', 'time_captured': '2022-03-14T03:01:49.043377', 'plate': 'NDP3545', 'lat': 14.6494611666667, 'lng': 121.068762}",cloud,,
cloud_only15,"{'time_now': '2022-03-14T03:01:52.729716', 'time_captured': '2022-03-14T03:01:49.376710', 'plate': 'NDP3545', 'lat': 14.6494611666667, 'lng': 121.068762}",cloud,,
cloud_only15,"{'time_now': '2022-03-14T03:01:52.793715', 'time_captured': '2022-03-14T03:01:49.443377', 'plate': 'NDP3545', 'lat': 14.6494611666667, 'lng': 121.068762}",cloud,,
cloud_only15,"{'time_now': '2022-03-14T03:01:52.908133', 'time_captured': '2022-03-14T03:01:49.510043', 'plate': 'NDP3545', 'lat': 14.6494611666667, 'lng': 121.068762}",cloud,,
cloud_only15,"{'time_now': '2022-03-14T03:01:52.973816', 'time_captured': '2022-03-14T03:01:49.576710', 'plate': 'NDP354', 'lat': 14.6494611666667, 'lng': 121.068762}",cloud,,
cloud_only15,"{'time_now': '2022-03-14T03:01:53.100900', 'time_captured': '2022-03-14T03:01:49.710043', 'plate': 'NDP354', 'lat': 14.6494611666667, 'lng': 121.068762}",cloud,,
cloud_only15,"{'time_now': '2022-03-14T03:01:53.283775', 'time_captured': '2022-03-14T03:01:49.910043', 'plate': 'NDP354', 'lat': 14.6494611666667, 'lng': 121.068762}",cloud,,
cloud_only15,"{'time_now': '2022-03-14T03:01:54.022121', 'time_captured': '2022-03-14T03:01:50.643377', 'plate': 'NDP3545', 'lat': 14.6495368333333, 'lng': 121.068730833333}",cloud,,
cloud_only15,"{'time_now': '2022-03-14T03:01:54.087371', 'time_captured': '2022-03-14T03:01:50.710043', 'plate': 'NDP3545', 'lat': 14.6495368333333, 'lng': 121.068730833333}",cloud,,
cloud_only15,"{'time_now': '2022-03-14T03:01:54.153765', 'time_captured': '2022-03-14T03:01:50.776710', 'plate': 'NDP3545', 'lat': 14.6495368333333, 'lng': 121.068730833333}",cloud,,
cloud_only15,"{'time_now': '2022-03-14T03:01:54.575096', 'time_captured': '2022-03-14T03:01:51.176710', 'plate': 'NDP354', 'lat': 14.6496111666667, 'lng': 121.068698333333}",cloud,,
cloud_only15,"{'time_now': '2022-03-14T03:01:55.109568', 'time_captured': '2022-03-14T03:01:51.776710', 'plate': 'NDP3545', 'lat': 14.6496111666667, 'lng': 121.068698333333}",cloud,,
cloud_only15,"{'time_now': '2022-03-14T03:01:55.131067', 'time_captured': '2022-03-14T03:01:51.776710', 'plate': 'CAV8710', 'lat': 14.6496111666667, 'lng': 121.068698333333}",cloud,,
cloud_only15,"{'time_now': '2022-03-14T03:01:55.251067', 'time_captured': '2022-03-14T03:01:51.843377', 'plate': 'NDP3545', 'lat': 14.6496111666667, 'lng': 121.068698333333}",cloud,,
cloud_only15,"{'time_now': '2022-03-14T03:01:55.271341', 'time_captured': '2022-03-14T03:01:51.843377', 'plate': 'CAV8710', 'lat': 14.6496111666667, 'lng': 121.068698333333}",cloud,,
cloud_only15,"{'time_now': '2022-03-14T03:01:55.340669', 'time_captured': '2022-03-14T03:01:51.910043', 'plate': 'CAV8710', 'lat': 14.6496111666667, 'lng': 121.068698333333}",cloud,,
cloud_only15,"{'time_now': '2022-03-14T03:01:55.360585', 'time_captured': '2022-03-14T03:01:51.910043', 'plate': 'NDP3545', 'lat': 14.6496111666667, 'lng': 121.068698333333}",cloud,,
cloud_only15,"{'time_now': '2022-03-14T03:01:55.432630', 'time_captured': '2022-03-14T03:01:51.976710', 'plate': 'CAV8710', 'lat': 14.6496753333333, 'lng': 121.068669333333}",cloud,,
cloud_only15,"{'time_now': '2022-03-14T03:01:55.452638', 'time_captured': '2022-03-14T03:01:51.976710', 'plate': 'NDP3545', 'lat': 14.6496753333333, 'lng': 121.068669333333}",cloud,,
cloud_only15,"{'time_now': '2022-03-14T03:01:55.519573', 'time_captured': '2022-03-14T03:01:52.043377', 'plate': 'CAV8710', 'lat': 14.6496753333333, 'lng': 121.068669333333}",cloud,,
cloud_only15,"{'time_now': '2022-03-14T03:01:55.604913', 'time_captured': '2022-03-14T03:01:52.110043', 'plate': 'CAV8710', 'lat': 14.6496753333333, 'lng': 121.068669333333}",cloud,,
cloud_only15,"{'time_now': '2022-03-14T03:01:55.669246', 'time_captured': '2022-03-14T03:01:52.176710', 'plate': 'CAV8710', 'lat': 14.6496753333333, 'lng': 121.068669333333}",cloud,,
cloud_only15,"{'time_now': '2022-03-14T03:01:55.733856', 'time_captured': '2022-03-14T03:01:52.243377', 'plate': 'CAV8710', 'lat': 14.6496753333333, 'lng': 121.068669333333}",cloud,,
cloud_only15,"{'time_now': '2022-03-14T03:01:55.752159', 'time_captured': '2022-03-14T03:01:52.243377', 'plate': 'NDP3545', 'lat': 14.6496753333333, 'lng': 121.068669333333}",cloud,,
cloud_only15,"{'time_now': '2022-03-14T03:01:55.817430', 'time_captured': '2022-03-14T03:01:52.310043', 'plate': 'CAV8710', 'lat': 14.6496753333333, 'lng': 121.068669333333}",cloud,,
cloud_only15,"{'time_now': '2022-03-14T03:01:55.835890', 'time_captured': '2022-03-14T03:01:52.310043', 'plate': 'NDP3545', 'lat': 14.6496753333333, 'lng': 121.068669333333}",cloud,,
cloud_only15,"{'time_now': '2022-03-14T03:01:55.900032', 'time_captured': '2022-03-14T03:01:52.376710', 'plate': 'NDP3545', 'lat': 14.6496753333333, 'lng': 121.068669333333}",cloud,,
cloud_only15,"{'time_now': '2022-03-14T03:01:55.919361', 'time_captured': '2022-03-14T03:01:52.376710', 'plate': 'CAV8710', 'lat': 14.6496753333333, 'lng': 121.068669333333}",cloud,,
cloud_only15,"{'time_now': '2022-03-14T03:01:55.985948', 'time_captured': '2022-03-14T03:01:52.443377', 'plate': 'CAV8710', 'lat': 14.6496753333333, 'lng': 121.068669333333}",cloud,,
cloud_only15,"{'time_now': '2022-03-14T03:01:56.003718', 'time_captured': '2022-03-14T03:01:52.443377', 'plate': 'NDP3545', 'lat': 14.6496753333333, 'lng': 121.068669333333}",cloud,,
cloud_only15,"{'time_now': '2022-03-14T03:01:56.072130', 'time_captured': '2022-03-14T03:01:52.510043', 'plate': 'NDP3545', 'lat': 14.6496753333333, 'lng': 121.068669333333}",cloud,,
cloud_only15,"{'time_now': '2022-03-14T03:01:56.090700', 'time_captured': '2022-03-14T03:01:52.510043', 'plate': 'CAV8710', 'lat': 14.6496753333333, 'lng': 121.068669333333}",cloud,,
cloud_only15,"{'time_now': '2022-03-14T03:01:56.155797', 'time_captured': '2022-03-14T03:01:52.576710', 'plate': 'NDP3545', 'lat': 14.6496753333333, 'lng': 121.068669333333}",cloud,,
cloud_only15,"{'time_now': '2022-03-14T03:01:56.174719', 'time_captured': '2022-03-14T03:01:52.576710', 'plate': 'CAV8710', 'lat': 14.6496753333333, 'lng': 121.068669333333}",cloud,,
cloud_only15,"{'time_now': '2022-03-14T03:01:56.257247', 'time_captured': '2022-03-14T03:01:52.643377', 'plate': 'CAV8710', 'lat': 14.6496753333333, 'lng': 121.068669333333}",cloud,,
cloud_only15,"{'time_now': '2022-03-14T03:01:56.320536', 'time_captured': '2022-03-14T03:01:52.710043', 'plate': 'NDP3545', 'lat': 14.6496753333333, 'lng': 121.068669333333}",cloud,,
cloud_only15,"{'time_now': '2022-03-14T03:01:56.338756', 'time_captured': '2022-03-14T03:01:52.710043', 'plate': 'CAV8710', 'lat': 14.6496753333333, 'lng': 121.068669333333}",cloud,,
cloud_only15,"{'time_now': '2022-03-14T03:01:56.402133', 'time_captured': '2022-03-14T03:01:52.776710', 'plate': 'CAV8710', 'lat': 14.6496753333333, 'lng': 121.068669333333}",cloud,,
cloud_only15,"{'time_now': '2022-03-14T03:01:56.420836', 'time_captured': '2022-03-14T03:01:52.776710', 'plate': 'NDP3545', 'lat': 14.6496753333333, 'lng': 121.068669333333}",cloud,,
cloud_only15,"{'time_now': '2022-03-14T03:01:56.487605', 'time_captured': '2022-03-14T03:01:52.843377', 'plate': 'CAV8710', 'lat': 14.6496753333333, 'lng': 121.068669333333}",cloud,,
cloud_only15,"{'time_now': '2022-03-14T03:01:56.505709', 'time_captured': '2022-03-14T03:01:52.843377', 'plate': 'NDP3545', 'lat': 14.6496753333333, 'lng': 121.068669333333}",cloud,,
cloud_only15,"{'time_now': '2022-03-14T03:01:56.570716', 'time_captured': '2022-03-14T03:01:52.910043', 'plate': 'CAV8710', 'lat': 14.6496753333333, 'lng': 121.068669333333}",cloud,,
cloud_only15,"{'time_now': '2022-03-14T03:01:56.634744', 'time_captured': '2022-03-14T03:01:52.976710', 'plate': 'CAV8710', 'lat': 14.649727, 'lng': 121.068647666667}",cloud,,
cloud_only15,"{'time_now': '2022-03-14T03:01:56.698813', 'time_captured': '2022-03-14T03:01:53.043377', 'plate': 'CAV8710', 'lat': 14.649727, 'lng': 121.068647666667}",cloud,,
cloud_only15,"{'time_now': '2022-03-14T03:01:56.764226', 'time_captured': '2022-03-14T03:01:53.110043', 'plate': 'CAV8710', 'lat': 14.649727, 'lng': 121.068647666667}",cloud,,
cloud_only15,"{'time_now': '2022-03-14T03:01:56.828757', 'time_captured': '2022-03-14T03:01:53.176710', 'plate': 'CAV8710', 'lat': 14.649727, 'lng': 121.068647666667}",cloud,,
cloud_only15,"{'time_now': '2022-03-14T03:01:56.892036', 'time_captured': '2022-03-14T03:01:53.243377', 'plate': 'CAV8710', 'lat': 14.649727, 'lng': 121.068647666667}",cloud,,
cloud_only15,"{'time_now': '2022-03-14T03:01:56.955533', 'time_captured': '2022-03-14T03:01:53.310043', 'plate': 'CAV8710', 'lat': 14.649727, 'lng': 121.068647666667}",cloud,,
cloud_only15,"{'time_now': '2022-03-14T03:01:57.019677', 'time_captured': '2022-03-14T03:01:53.376710', 'plate': 'CAV8710', 'lat': 14.649727, 'lng': 121.068647666667}",cloud,,
cloud_only15,"{'time_now': '2022-03-14T03:01:57.174834', 'time_captured': '2022-03-14T03:01:53.576710', 'plate': 'NDP3545', 'lat': 14.649727, 'lng': 121.068647666667}",cloud,,
cloud_only15,"{'time_now': '2022-03-14T03:01:57.238356', 'time_captured': '2022-03-14T03:01:53.643377', 'plate': 'NDP3545', 'lat': 14.649727, 'lng': 121.068647666667}",cloud,,
cloud_only15,"{'time_now': '2022-03-14T03:01:57.303488', 'time_captured': '2022-03-14T03:01:53.710043', 'plate': 'NDP3545', 'lat': 14.649727, 'lng': 121.068647666667}",cloud,,
cloud_only15,"{'time_now': '2022-03-14T03:01:57.366803', 'time_captured': '2022-03-14T03:01:53.776710', 'plate': 'NDP3545', 'lat': 14.649727, 'lng': 121.068647666667}",cloud,,
cloud_only15,"{'time_now': '2022-03-14T03:01:57.432107', 'time_captured': '2022-03-14T03:01:53.843377', 'plate': 'NDP3545', 'lat': 14.649727, 'lng': 121.068647666667}",cloud,,
cloud_only15,"{'time_now': '2022-03-14T03:01:57.495729', 'time_captured': '2022-03-14T03:01:53.910043', 'plate': 'NDP3545', 'lat': 14.649727, 'lng': 121.068647666667}",cloud,,
cloud_only15,"{'time_now': '2022-03-14T03:01:57.560416', 'time_captured': '2022-03-14T03:01:53.976710', 'plate': 'NDP3545', 'lat': 14.649759, 'lng': 121.068642833333}",cloud,,
cloud_only15,"{'time_now': '2022-03-14T03:01:57.624389', 'time_captured': '2022-03-14T03:01:54.043377', 'plate': 'NDP3545', 'lat': 14.649759, 'lng': 121.068642833333}",cloud,,
cloud_only15,"{'time_now': '2022-03-14T03:01:57.687152', 'time_captured': '2022-03-14T03:01:54.110043', 'plate': 'NDP3545', 'lat': 14.649759, 'lng': 121.068642833333}",cloud,,
cloud_only15,"{'time_now': '2022-03-14T03:01:57.753575', 'time_captured': '2022-03-14T03:01:54.176710', 'plate': 'NDP3545', 'lat': 14.649759, 'lng': 121.068642833333}",cloud,,
cloud_only15,"{'time_now': '2022-03-14T03:01:57.819275', 'time_captured': '2022-03-14T03:01:54.243377', 'plate': 'NDP3545', 'lat': 14.649759, 'lng': 121.068642833333}",cloud,,
cloud_only15,"{'time_now': '2022-03-14T03:01:57.885066', 'time_captured': '2022-03-14T03:01:54.310043', 'plate': 'NDP3545', 'lat': 14.649759, 'lng': 121.068642833333}",cloud,,
cloud_only15,"{'time_now': '2022-03-14T03:01:57.949203', 'time_captured': '2022-03-14T03:01:54.376710', 'plate': 'NDP3545', 'lat': 14.649759, 'lng': 121.068642833333}",cloud,,
cloud_only15,"{'time_now': '2022-03-14T03:01:58.014006', 'time_captured': '2022-03-14T03:01:54.443377', 'plate': 'NDP3545', 'lat': 14.649759, 'lng': 121.068642833333}",cloud,,
cloud_only15,"{'time_now': '2022-03-14T03:01:58.077007', 'time_captured': '2022-03-14T03:01:54.510043', 'plate': 'NDP3545', 'lat': 14.649759, 'lng': 121.068642833333}",cloud,,
cloud_only15,"{'time_now': '2022-03-14T03:01:58.095749', 'time_captured': '2022-03-14T03:01:54.510043', 'plate': 'CAV8710', 'lat': 14.649759, 'lng': 121.068642833333}",cloud,,
cloud_only15,"{'time_now': '2022-03-14T03:01:58.160344', 'time_captured': '2022-03-14T03:01:54.576710', 'plate': 'NDP3545', 'lat': 14.649759, 'lng': 121.068642833333}",cloud,,
cloud_only15,"{'time_now': '2022-03-14T03:01:58.225001', 'time_captured': '2022-03-14T03:01:54.643377', 'plate': 'NDP3545', 'lat': 14.649759, 'lng': 121.068642833333}",cloud,,
cloud_only15,"{'time_now': '2022-03-14T03:01:58.243473', 'time_captured': '2022-03-14T03:01:54.643377', 'plate': 'CAV8710', 'lat': 14.649759, 'lng': 121.068642833333}",cloud,,
cloud_only15,"{'time_now': '2022-03-14T03:01:58.311171', 'time_captured': '2022-03-14T03:01:54.710043', 'plate': 'NDP3545', 'lat': 14.649759, 'lng': 121.068642833333}",cloud,,
cloud_only15,"{'time_now': '2022-03-14T03:01:58.329722', 'time_captured': '2022-03-14T03:01:54.710043', 'plate': 'CAV8710', 'lat': 14.649759, 'lng': 121.068642833333}",cloud,,
cloud_only15,"{'time_now': '2022-03-14T03:01:58.394753', 'time_captured': '2022-03-14T03:01:54.776710', 'plate': 'NDP3545', 'lat': 14.649759, 'lng': 121.068642833333}",cloud,,
cloud_only15,"{'time_now': '2022-03-14T03:01:58.458844', 'time_captured': '2022-03-14T03:01:54.843377', 'plate': 'NDP3545', 'lat': 14.649759, 'lng': 121.068642833333}",cloud,,
cloud_only15,"{'time_now': '2022-03-14T03:01:58.522253', 'time_captured': '2022-03-14T03:01:54.910043', 'plate': 'NDP3545', 'lat': 14.649759, 'lng': 121.068642833333}",cloud,,
cloud_only15,"{'time_now': '2022-03-14T03:01:58.542039', 'time_captured': '2022-03-14T03:01:54.910043', 'plate': 'CAV8710', 'lat': 14.649759, 'lng': 121.068642833333}",cloud,,
cloud_only15,"{'time_now': '2022-03-14T03:01:58.611605', 'time_captured': '2022-03-14T03:01:54.976710', 'plate': 'NDP3545', 'lat': 14.6497876666667, 'lng': 121.068637666667}",cloud,,
cloud_only15,"{'time_now': '2022-03-14T03:01:58.631833', 'time_captured': '2022-03-14T03:01:54.976710', 'plate': 'CAV8710', 'lat': 14.6497876666667, 'lng': 121.068637666667}",cloud,,
cloud_only15,"{'time_now': '2022-03-14T03:01:58.702043', 'time_captured': '2022-03-14T03:01:55.043377', 'plate': 'NDP3545', 'lat': 14.6497876666667, 'lng': 121.068637666667}",cloud,,
cloud_only15,"{'time_now': '2022-03-14T03:01:58.722415', 'time_captured': '2022-03-14T03:01:55.043377', 'plate': 'CAV8710', 'lat': 14.6497876666667, 'lng': 121.068637666667}",cloud,,
cloud_only15,"{'time_now': '2022-03-14T03:01:58.797878', 'time_captured': '2022-03-14T03:01:55.110043', 'plate': 'NDP3545', 'lat': 14.6497876666667, 'lng': 121.068637666667}",cloud,,
cloud_only15,"{'time_now': '2022-03-14T03:01:58.818299', 'time_captured': '2022-03-14T03:01:55.110043', 'plate': 'CAV8710', 'lat': 14.6497876666667, 'lng': 121.068637666667}",cloud,,
cloud_only15,"{'time_now': '2022-03-14T03:01:58.887477', 'time_captured': '2022-03-14T03:01:55.176710', 'plate': 'NDP3545', 'lat': 14.6497876666667, 'lng': 121.068637666667}",cloud,,
cloud_only15,"{'time_now': '2022-03-14T03:01:58.906573', 'time_captured': '2022-03-14T03:01:55.176710', 'plate': 'CAV8710', 'lat': 14.6497876666667, 'lng': 121.068637666667}",cloud,,
cloud_only15,"{'time_now': '2022-03-14T03:01:58.974475', 'time_captured': '2022-03-14T03:01:55.243377', 'plate': 'NDP3545', 'lat': 14.6497876666667, 'lng': 121.068637666667}",cloud,,
cloud_only15,"{'time_now': '2022-03-14T03:01:58.993494', 'time_captured': '2022-03-14T03:01:55.243377', 'plate': 'CAV8710', 'lat': 14.6497876666667, 'lng': 121.068637666667}",cloud,,
cloud_only15,"{'time_now': '2022-03-14T03:01:59.057156', 'time_captured': '2022-03-14T03:01:55.310043', 'plate': 'NDP3545', 'lat': 14.6497876666667, 'lng': 121.068637666667}",cloud,,
cloud_only15,"{'time_now': '2022-03-14T03:01:59.075502', 'time_captured': '2022-03-14T03:01:55.310043', 'plate': 'CAV8710', 'lat': 14.6497876666667, 'lng': 121.068637666667}",cloud,,
cloud_only15,"{'time_now': '2022-03-14T03:01:59.139627', 'time_captured': '2022-03-14T03:01:55.376710', 'plate': 'NDP3545', 'lat': 14.6497876666667, 'lng': 121.068637666667}",cloud,,
cloud_only15,"{'time_now': '2022-03-14T03:01:59.624290', 'time_captured': '2022-03-14T03:01:55.976710', 'plate': 'CAV8710', 'lat': 14.6498165, 'lng': 121.068631166667}",cloud,,
cloud_only15,"{'time_now': '2022-03-14T03:01:59.779324', 'time_captured': '2022-03-14T03:01:56.176710', 'plate': 'CAV8710', 'lat': 14.6498165, 'lng': 121.068631166667}",cloud,,
cloud_only15,"{'time_now': '2022-03-14T03:01:59.843631', 'time_captured': '2022-03-14T03:01:56.243377', 'plate': 'CAV8710', 'lat': 14.6498165, 'lng': 121.068631166667}",cloud,,
cloud_only15,"{'time_now': '2022-03-14T03:02:00.002993', 'time_captured': '2022-03-14T03:01:56.443377', 'plate': 'CAV8710', 'lat': 14.6498165, 'lng': 121.068631166667}",cloud,,
cloud_only15,"{'time_now': '2022-03-14T03:02:00.085608', 'time_captured': '2022-03-14T03:01:56.510043', 'plate': 'CAV8710', 'lat': 14.6498165, 'lng': 121.068631166667}",cloud,,
cloud_only15,"{'time_now': '2022-03-14T03:02:00.171473', 'time_captured': '2022-03-14T03:01:56.576710', 'plate': 'CAV8710', 'lat': 14.6498165, 'lng': 121.068631166667}",cloud,,
cloud_only15,"{'time_now': '2022-03-14T03:02:01.041695', 'time_captured': '2022-03-14T03:01:57.710043', 'plate': 'CAV8710', 'lat': 14.6498478333333, 'lng': 121.068619833333}",cloud,,
cloud_only15,"{'time_now': '2022-03-14T03:02:01.104481', 'time_captured': '2022-03-14T03:01:57.776710', 'plate': 'CAV8710', 'lat': 14.6498478333333, 'lng': 121.068619833333}",cloud,,
cloud_only15,"{'time_now': '2022-03-14T03:02:01.279172', 'time_captured': '2022-03-14T03:01:57.910043', 'plate': 'CAV8710', 'lat': 14.6498478333333, 'lng': 121.068619833333}",cloud,,
cloud_only15,"{'time_now': '2022-03-14T03:02:01.342581', 'time_captured': '2022-03-14T03:01:57.976710', 'plate': 'CAV8710', 'lat': 14.6498986666667, 'lng': 121.068611333333}",cloud,,
cloud_only15,"{'time_now': '2022-03-14T03:02:01.406409', 'time_captured': '2022-03-14T03:01:58.043377', 'plate': 'CAV8710', 'lat': 14.6498986666667, 'lng': 121.068611333333}",cloud,,
cloud_only15,"{'time_now': '2022-03-14T03:02:01.472626', 'time_captured': '2022-03-14T03:01:58.110043', 'plate': 'CAV8710', 'lat': 14.6498986666667, 'lng': 121.068611333333}",cloud,,
cloud_only15,"{'time_now': '2022-03-14T03:02:01.904895', 'time_captured': '2022-03-14T03:01:58.510043', 'plate': 'CAV8710', 'lat': 14.6498986666667, 'lng': 121.068611333333}",cloud,,
cloud_only15,"{'time_now': '2022-03-14T03:02:01.968684', 'time_captured': '2022-03-14T03:01:58.576710', 'plate': 'CAV8710', 'lat': 14.6498986666667, 'lng': 121.068611333333}",cloud,,
cloud_only15,"{'time_now': '2022-03-14T03:02:02.032227', 'time_captured': '2022-03-14T03:01:58.643377', 'plate': 'CAV8710', 'lat': 14.6498986666667, 'lng': 121.068611333333}",cloud,,
cloud_only15,"{'time_now': '2022-03-14T03:02:02.096845', 'time_captured': '2022-03-14T03:01:58.710043', 'plate': 'CAV8710', 'lat': 14.6498986666667, 'lng': 121.068611333333}",cloud,,
cloud_only15,"{'time_now': '2022-03-14T03:02:02.161013', 'time_captured': '2022-03-14T03:01:58.776710', 'plate': 'CAV8710', 'lat': 14.6498986666667, 'lng': 121.068611333333}",cloud,,
cloud_only15,"{'time_now': '2022-03-14T03:02:02.237736', 'time_captured': '2022-03-14T03:01:58.843377', 'plate': 'CAV8710', 'lat': 14.6498986666667, 'lng': 121.068611333333}",cloud,,
cloud_only15,"{'time_now': '2022-03-14T03:02:02.301040', 'time_captured': '2022-03-14T03:01:58.910043', 'plate': 'CAV8710', 'lat': 14.6498986666667, 'lng': 121.068611333333}",cloud,,
cloud_only15,"{'time_now': '2022-03-14T03:02:02.364037', 'time_captured': '2022-03-14T03:01:58.976710', 'plate': 'CAV8710', 'lat': 14.6499588333333, 'lng': 121.068594333333}",cloud,,
cloud_only15,"{'time_now': '2022-03-14T03:02:02.427460', 'time_captured': '2022-03-14T03:01:59.043377', 'plate': 'CAV8710', 'lat': 14.6499588333333, 'lng': 121.068594333333}",cloud,,
cloud_only15,"{'time_now': '2022-03-14T03:02:02.495994', 'time_captured': '2022-03-14T03:01:59.110043', 'plate': 'CAV8710', 'lat': 14.6499588333333, 'lng': 121.068594333333}",cloud,,
cloud_only15,"{'time_now': '2022-03-14T03:02:02.567470', 'time_captured': '2022-03-14T03:01:59.176710', 'plate': 'CAV8710', 'lat': 14.6499588333333, 'lng': 121.068594333333}",cloud,,
cloud_only15,"{'time_now': '2022-03-14T03:02:02.630643', 'time_captured': '2022-03-14T03:01:59.243377', 'plate': 'CAV8710', 'lat': 14.6499588333333, 'lng': 121.068594333333}",cloud,,
cloud_only15,"{'time_now': '2022-03-14T03:02:02.695363', 'time_captured': '2022-03-14T03:01:59.310043', 'plate': 'CAV8710', 'lat': 14.6499588333333, 'lng': 121.068594333333}",cloud,,
cloud_only15,"{'time_now': '2022-03-14T03:02:02.760561', 'time_captured': '2022-03-14T03:01:59.376710', 'plate': 'CAV8710', 'lat': 14.6499588333333, 'lng': 121.068594333333}",cloud,,
cloud_only15,"{'time_now': '2022-03-14T03:02:02.834737', 'time_captured': '2022-03-14T03:01:59.443377', 'plate': 'CAV8710', 'lat': 14.6499588333333, 'lng': 121.068594333333}",cloud,,
cloud_only15,"{'time_now': '2022-03-14T03:02:02.917009', 'time_captured': '2022-03-14T03:01:59.510043', 'plate': 'CAV8710', 'lat': 14.6499588333333, 'lng': 121.068594333333}",cloud,,
cloud_only15,"{'time_now': '2022-03-14T03:02:02.984092', 'time_captured': '2022-03-14T03:01:59.576710', 'plate': 'CAV8710', 'lat': 14.6499588333333, 'lng': 121.068594333333}",cloud,,
cloud_only15,"{'time_now': '2022-03-14T03:02:03.047306', 'time_captured': '2022-03-14T03:01:59.643377', 'plate': 'CAV8710', 'lat': 14.6499588333333, 'lng': 121.068594333333}",cloud,,
cloud_only15,"{'time_now': '2022-03-14T03:02:03.115136', 'time_captured': '2022-03-14T03:01:59.710043', 'plate': 'CAV8710', 'lat': 14.6499588333333, 'lng': 121.068594333333}",cloud,,
cloud_only15,"{'time_now': '2022-03-14T03:02:03.178175', 'time_captured': '2022-03-14T03:01:59.776710', 'plate': 'CAV8710', 'lat': 14.6499588333333, 'lng': 121.068594333333}",cloud,,
cloud_only15,"{'time_now': '2022-03-14T03:02:03.242484', 'time_captured': '2022-03-14T03:01:59.843377', 'plate': 'CAV8710', 'lat': 14.6499588333333, 'lng': 121.068594333333}",cloud,,
cloud_only15,"{'time_now': '2022-03-14T03:02:03.305850', 'time_captured': '2022-03-14T03:01:59.910043', 'plate': 'CAV8710', 'lat': 14.6499588333333, 'lng': 121.068594333333}",cloud,,
cloud_only15,"{'time_now': '2022-03-14T03:02:03.373298', 'time_captured': '2022-03-14T03:01:59.976710', 'plate': 'CAV8710', 'lat': 14.6500308333333, 'lng': 121.068577666667}",cloud,,
cloud_only15,"{'time_now': '2022-03-14T03:02:03.438233', 'time_captured': '2022-03-14T03:02:00.043377', 'plate': 'CAV8710', 'lat': 14.6500308333333, 'lng': 121.068577666667}",cloud,,
cloud_only15,"{'time_now': '2022-03-14T03:02:03.502636', 'time_captured': '2022-03-14T03:02:00.110043', 'plate': 'CAV8710', 'lat': 14.6500308333333, 'lng': 121.068577666667}",cloud,,
cloud_only15,"{'time_now': '2022-03-14T03:02:03.590582', 'time_captured': '2022-03-14T03:02:00.176710', 'plate': 'CAV8710', 'lat': 14.6500308333333, 'lng': 121.068577666667}",cloud,,
cloud_only15,"{'time_now': '2022-03-14T03:02:03.669810', 'time_captured': '2022-03-14T03:02:00.243377', 'plate': 'CAV8710', 'lat': 14.6500308333333, 'lng': 121.068577666667}",cloud,,
cloud_only15,"{'time_now': '2022-03-14T03:02:03.746546', 'time_captured': '2022-03-14T03:02:00.310043', 'plate': 'CAV8710', 'lat': 14.6500308333333, 'lng': 121.068577666667}",cloud,,
cloud_only15,"{'time_now': '2022-03-14T03:02:03.821552', 'time_captured': '2022-03-14T03:02:00.376710', 'plate': 'CAV8710', 'lat': 14.6500308333333, 'lng': 121.068577666667}",cloud,,
cloud_only15,"{'time_now': '2022-03-14T03:02:03.897227', 'time_captured': '2022-03-14T03:02:00.443377', 'plate': 'CAV8710', 'lat': 14.6500308333333, 'lng': 121.068577666667}",cloud,,
cloud_only15,"{'time_now': '2022-03-14T03:02:03.974260', 'time_captured': '2022-03-14T03:02:00.510043', 'plate': 'CAV8710', 'lat': 14.6500308333333, 'lng': 121.068577666667}",cloud,,
cloud_only15,"{'time_now': '2022-03-14T03:02:04.051157', 'time_captured': '2022-03-14T03:02:00.576710', 'plate': 'CAV8710', 'lat': 14.6500308333333, 'lng': 121.068577666667}",cloud,,
cloud_only15,"{'time_now': '2022-03-14T03:02:04.129365', 'time_captured': '2022-03-14T03:02:00.643377', 'plate': 'CAV8710', 'lat': 14.6500308333333, 'lng': 121.068577666667}",cloud,,
cloud_only15,"{'time_now': '2022-03-14T03:02:04.203493', 'time_captured': '2022-03-14T03:02:00.710043', 'plate': 'CAV8710', 'lat': 14.6500308333333, 'lng': 121.068577666667}",cloud,,
cloud_only15,"{'time_now': '2022-03-14T03:02:04.282942', 'time_captured': '2022-03-14T03:02:00.776710', 'plate': 'CAV8710', 'lat': 14.6500308333333, 'lng': 121.068577666667}",cloud,,
cloud_only15,"{'time_now': '2022-03-14T03:02:04.357674', 'time_captured': '2022-03-14T03:02:00.843377', 'plate': 'CAV8710', 'lat': 14.6500308333333, 'lng': 121.068577666667}",cloud,,
cloud_only15,"{'time_now': '2022-03-14T03:02:04.436346', 'time_captured': '2022-03-14T03:02:00.910043', 'plate': 'CAV8710', 'lat': 14.6500308333333, 'lng': 121.068577666667}",cloud,,
cloud_only15,"{'time_now': '2022-03-14T03:02:04.522108', 'time_captured': '2022-03-14T03:02:00.976710', 'plate': 'CAV8710', 'lat': 14.6501081666667, 'lng': 121.0685535}",cloud,,
cloud_only15,"{'time_now': '2022-03-14T03:02:04.600643', 'time_captured': '2022-03-14T03:02:01.043377', 'plate': 'CAV8710', 'lat': 14.6501081666667, 'lng': 121.0685535}",cloud,,
cloud_only15,"{'time_now': '2022-03-14T03:02:04.694344', 'time_captured': '2022-03-14T03:02:01.110043', 'plate': 'CAV8710', 'lat': 14.6501081666667, 'lng': 121.0685535}",cloud,,
cloud_only15,"{'time_now': '2022-03-14T03:02:04.784364', 'time_captured': '2022-03-14T03:02:01.176710', 'plate': 'CAV8710', 'lat': 14.6501081666667, 'lng': 121.0685535}",cloud,,
cloud_only15,"{'time_now': '2022-03-14T03:02:04.883487', 'time_captured': '2022-03-14T03:02:01.243377', 'plate': 'CAV8710', 'lat': 14.6501081666667, 'lng': 121.0685535}",cloud,,
cloud_only15,"{'time_now': '2022-03-14T03:02:04.991918', 'time_captured': '2022-03-14T03:02:01.310043', 'plate': 'CAV8710', 'lat': 14.6501081666667, 'lng': 121.0685535}",cloud,,
cloud_only15,"{'time_now': '2022-03-14T03:02:05.107656', 'time_captured': '2022-03-14T03:02:01.376710', 'plate': 'CAV8710', 'lat': 14.6501081666667, 'lng': 121.0685535}",cloud,,
cloud_only15,"{'time_now': '2022-03-14T03:02:05.270037', 'time_captured': '2022-03-14T03:02:01.443377', 'plate': 'CAV8710', 'lat': 14.6501081666667, 'lng': 121.0685535}",cloud,,
cloud_only15,"{'time_now': '2022-03-14T03:02:05.422526', 'time_captured': '2022-03-14T03:02:01.510043', 'plate': 'CAV8710', 'lat': 14.6501081666667, 'lng': 121.0685535}",cloud,,
cloud_only15,"{'time_now': '2022-03-14T03:02:06.127733', 'time_captured': '2022-03-14T03:02:01.576710', 'plate': 'CAV8710', 'lat': 14.6501081666667, 'lng': 121.0685535}",cloud,,
cloud_only15,"{'time_now': '2022-03-14T03:02:06.891737', 'time_captured': '2022-03-14T03:02:01.643377', 'plate': 'CAV8710', 'lat': 14.6501081666667, 'lng': 121.0685535}",cloud,,
cloud_only15,"{'time_now': '2022-03-14T03:02:07.642483', 'time_captured': '2022-03-14T03:02:01.710043', 'plate': 'CAV8710', 'lat': 14.6501081666667, 'lng': 121.0685535}",cloud,,
cloud_only15,"{'time_now': '2022-03-14T03:02:08.397389', 'time_captured': '2022-03-14T03:02:01.776710', 'plate': 'CAV8710', 'lat': 14.6501081666667, 'lng': 121.0685535}",cloud,,
cloud_only15,"{'time_now': '2022-03-14T03:02:08.990800', 'time_captured': '2022-03-14T03:02:01.843377', 'plate': 'CAV8710', 'lat': 14.6501081666667, 'lng': 121.0685535}",cloud,,
cloud_only15,"{'time_now': '2022-03-14T03:02:09.763877', 'time_captured': '2022-03-14T03:02:01.910043', 'plate': 'CAV8710', 'lat': 14.6501081666667, 'lng': 121.0685535}",cloud,,
cloud_only15,"{'time_now': '2022-03-14T03:02:09.979668', 'time_captured': '2022-03-14T03:02:01.976710', 'plate': 'CAV8710', 'lat': 14.6501973333333, 'lng': 121.068529333333}",cloud,,
cloud_only15,"{'time_now': '2022-03-14T03:02:10.070316', 'time_captured': '2022-03-14T03:02:02.043377', 'plate': 'CAV8710', 'lat': 14.6501973333333, 'lng': 121.068529333333}",cloud,,
cloud_only15,"{'time_now': '2022-03-14T03:02:10.152388', 'time_captured': '2022-03-14T03:02:02.110043', 'plate': 'CAV8710', 'lat': 14.6501973333333, 'lng': 121.068529333333}",cloud,,
cloud_only15,"{'time_now': '2022-03-14T03:02:10.229472', 'time_captured': '2022-03-14T03:02:02.176710', 'plate': 'CAV8710', 'lat': 14.6501973333333, 'lng': 121.068529333333}",cloud,,
cloud_only15,"{'time_now': '2022-03-14T03:02:10.298705', 'time_captured': '2022-03-14T03:02:02.243377', 'plate': 'CAV8710', 'lat': 14.6501973333333, 'lng': 121.068529333333}",cloud,,
cloud_only15,"{'time_now': '2022-03-14T03:02:10.367496', 'time_captured': '2022-03-14T03:02:02.310043', 'plate': 'CAV8710', 'lat': 14.6501973333333, 'lng': 121.068529333333}",cloud,,
cloud_only15,"{'time_now': '2022-03-14T03:02:10.433510', 'time_captured': '2022-03-14T03:02:02.376710', 'plate': 'CAV8710', 'lat': 14.6501973333333, 'lng': 121.068529333333}",cloud,,
cloud_only15,"{'time_now': '2022-03-14T03:02:10.499130', 'time_captured': '2022-03-14T03:02:02.443377', 'plate': 'CAV8710', 'lat': 14.6501973333333, 'lng': 121.068529333333}",cloud,,
cloud_only15,"{'time_now': '2022-03-14T03:02:10.565214', 'time_captured': '2022-03-14T03:02:02.510043', 'plate': 'CAV8710', 'lat': 14.6501973333333, 'lng': 121.068529333333}",cloud,,
cloud_only15,"{'time_now': '2022-03-14T03:02:10.629077', 'time_captured': '2022-03-14T03:02:02.576710', 'plate': 'CAV8710', 'lat': 14.6501973333333, 'lng': 121.068529333333}",cloud,,
cloud_only15,"{'time_now': '2022-03-14T03:02:10.693735', 'time_captured': '2022-03-14T03:02:02.643377', 'plate': 'CAV8710', 'lat': 14.6501973333333, 'lng': 121.068529333333}",cloud,,
cloud_only15,"{'time_now': '2022-03-14T03:02:10.761509', 'time_captured': '2022-03-14T03:02:02.710043', 'plate': 'CAV8710', 'lat': 14.6501973333333, 'lng': 121.068529333333}",cloud,,
cloud_only15,"{'time_now': '2022-03-14T03:02:10.841959', 'time_captured': '2022-03-14T03:02:02.776710', 'plate': 'CAV8710', 'lat': 14.6501973333333, 'lng': 121.068529333333}",cloud,,
cloud_only15,"{'time_now': '2022-03-14T03:02:10.932420', 'time_captured': '2022-03-14T03:02:02.843377', 'plate': 'CAV8710', 'lat': 14.6501973333333, 'lng': 121.068529333333}",cloud,,
cloud_only15,"{'time_now': '2022-03-14T03:02:11.041021', 'time_captured': '2022-03-14T03:02:02.910043', 'plate': 'CAV8710', 'lat': 14.6501973333333, 'lng': 121.068529333333}",cloud,,
cloud_only15,"{'time_now': '2022-03-14T03:02:11.129190', 'time_captured': '2022-03-14T03:02:02.976710', 'plate': 'CAV8710', 'lat': 14.6502916666667, 'lng': 121.068507666667}",cloud,,
cloud_only15,"{'time_now': '2022-03-14T03:02:11.220973', 'time_captured': '2022-03-14T03:02:03.043377', 'plate': 'CAV8710', 'lat': 14.6502916666667, 'lng': 121.068507666667}",cloud,,
cloud_only15,"{'time_now': '2022-03-14T03:02:11.308382', 'time_captured': '2022-03-14T03:02:03.110043', 'plate': 'CAV8710', 'lat': 14.6502916666667, 'lng': 121.068507666667}",cloud,,
cloud_only15,"{'time_now': '2022-03-14T03:02:11.389269', 'time_captured': '2022-03-14T03:02:03.176710', 'plate': 'CAV8710', 'lat': 14.6502916666667, 'lng': 121.068507666667}",cloud,,
cloud_only15,"{'time_now': '2022-03-14T03:02:11.470530', 'time_captured': '2022-03-14T03:02:03.243377', 'plate': 'CAV8710', 'lat': 14.6502916666667, 'lng': 121.068507666667}",cloud,,
cloud_only15,"{'time_now': '2022-03-14T03:02:11.549095', 'time_captured': '2022-03-14T03:02:03.310043', 'plate': 'CAV8710', 'lat': 14.6502916666667, 'lng': 121.068507666667}",cloud,,
cloud_only15,"{'time_now': '2022-03-14T03:02:11.623845', 'time_captured': '2022-03-14T03:02:03.376710', 'plate': 'CAV8710', 'lat': 14.6502916666667, 'lng': 121.068507666667}",cloud,,
cloud_only15,"{'time_now': '2022-03-14T03:02:11.692750', 'time_captured': '2022-03-14T03:02:03.443377', 'plate': 'CAV8710', 'lat': 14.6502916666667, 'lng': 121.068507666667}",cloud,,
cloud_only15,"{'time_now': '2022-03-14T03:02:11.763018', 'time_captured': '2022-03-14T03:02:03.510043', 'plate': 'CAV8710', 'lat': 14.6502916666667, 'lng': 121.068507666667}",cloud,,
cloud_only15,"{'time_now': '2022-03-14T03:02:11.828441', 'time_captured': '2022-03-14T03:02:03.576710', 'plate': 'CAV8710', 'lat': 14.6502916666667, 'lng': 121.068507666667}",cloud,,
cloud_only15,"{'time_now': '2022-03-14T03:02:11.893931', 'time_captured': '2022-03-14T03:02:03.643377', 'plate': 'CAV8710', 'lat': 14.6502916666667, 'lng': 121.068507666667}",cloud,,
cloud_only15,"{'time_now': '2022-03-14T03:02:11.959370', 'time_captured': '2022-03-14T03:02:03.710043', 'plate': 'CAV8710', 'lat': 14.6502916666667, 'lng': 121.068507666667}",cloud,,
cloud_only15,"{'time_now': '2022-03-14T03:02:12.026672', 'time_captured': '2022-03-14T03:02:03.776710', 'plate': 'CAV8710', 'lat': 14.6502916666667, 'lng': 121.068507666667}",cloud,,
cloud_only15,"{'time_now': '2022-03-14T03:02:12.093382', 'time_captured': '2022-03-14T03:02:03.843377', 'plate': 'CAV8710', 'lat': 14.6502916666667, 'lng': 121.068507666667}",cloud,,
cloud_only15,"{'time_now': '2022-03-14T03:02:12.160335', 'time_captured': '2022-03-14T03:02:03.910043', 'plate': 'CAV8710', 'lat': 14.6502916666667, 'lng': 121.068507666667}",cloud,,
cloud_only15,"{'time_now': '2022-03-14T03:02:12.229319', 'time_captured': '2022-03-14T03:02:03.976710', 'plate': 'CAV8710', 'lat': 14.6503895, 'lng': 121.068492666667}",cloud,,
cloud_only15,"{'time_now': '2022-03-14T03:02:12.296400', 'time_captured': '2022-03-14T03:02:04.043377', 'plate': 'CAV8710', 'lat': 14.6503895, 'lng': 121.068492666667}",cloud,,
cloud_only15,"{'time_now': '2022-03-14T03:02:12.363839', 'time_captured': '2022-03-14T03:02:04.110043', 'plate': 'CAV8710', 'lat': 14.6503895, 'lng': 121.068492666667}",cloud,,
cloud_only15,"{'time_now': '2022-03-14T03:02:12.450081', 'time_captured': '2022-03-14T03:02:04.176710', 'plate': 'CAV8710', 'lat': 14.6503895, 'lng': 121.068492666667}",cloud,,
cloud_only15,"{'time_now': '2022-03-14T03:02:12.536866', 'time_captured': '2022-03-14T03:02:04.243377', 'plate': 'CAV8710', 'lat': 14.6503895, 'lng': 121.068492666667}",cloud,,
cloud_only15,"{'time_now': '2022-03-14T03:02:12.616891', 'time_captured': '2022-03-14T03:02:04.310043', 'plate': 'CAV8710', 'lat': 14.6503895, 'lng': 121.068492666667}",cloud,,
cloud_only15,"{'time_now': '2022-03-14T03:02:12.691252', 'time_captured': '2022-03-14T03:02:04.376710', 'plate': 'CAV8710', 'lat': 14.6503895, 'lng': 121.068492666667}",cloud,,
cloud_only15,"{'time_now': '2022-03-14T03:02:12.710385', 'time_captured': '2022-03-14T03:02:04.376710', 'plate': 'NDP3545', 'lat': 14.6503895, 'lng': 121.068492666667}",cloud,,
cloud_only15,"{'time_now': '2022-03-14T03:02:12.780161', 'time_captured': '2022-03-14T03:02:04.443377', 'plate': 'CAV8710', 'lat': 14.6503895, 'lng': 121.068492666667}",cloud,,
cloud_only15,"{'time_now': '2022-03-14T03:02:12.799443', 'time_captured': '2022-03-14T03:02:04.443377', 'plate': 'NDP354', 'lat': 14.6503895, 'lng': 121.068492666667}",cloud,,
cloud_only15,"{'time_now': '2022-03-14T03:02:12.869788', 'time_captured': '2022-03-14T03:02:04.510043', 'plate': 'CAV8710', 'lat': 14.6503895, 'lng': 121.068492666667}",cloud,,
cloud_only15,"{'time_now': '2022-03-14T03:02:12.949265', 'time_captured': '2022-03-14T03:02:04.576710', 'plate': 'CAV8710', 'lat': 14.6503895, 'lng': 121.068492666667}",cloud,,
cloud_only15,"{'time_now': '2022-03-14T03:02:12.972845', 'time_captured': '2022-03-14T03:02:04.576710', 'plate': 'NDP3545', 'lat': 14.6503895, 'lng': 121.068492666667}",cloud,,
cloud_only15,"{'time_now': '2022-03-14T03:02:13.046746', 'time_captured': '2022-03-14T03:02:04.643377', 'plate': 'CAV8710', 'lat': 14.6503895, 'lng': 121.068492666667}",cloud,,
cloud_only15,"{'time_now': '2022-03-14T03:02:13.115779', 'time_captured': '2022-03-14T03:02:04.710043', 'plate': 'CAV8710', 'lat': 14.6503895, 'lng': 121.068492666667}",cloud,,
cloud_only15,"{'time_now': '2022-03-14T03:02:13.135298', 'time_captured': '2022-03-14T03:02:04.710043', 'plate': 'NDP3545', 'lat': 14.6503895, 'lng': 121.068492666667}",cloud,,
cloud_only15,"{'time_now': '2022-03-14T03:02:13.201542', 'time_captured': '2022-03-14T03:02:04.776710', 'plate': 'CAV8710', 'lat': 14.6503895, 'lng': 121.068492666667}",cloud,,
cloud_only15,"{'time_now': '2022-03-14T03:02:13.268874', 'time_captured': '2022-03-14T03:02:04.843377', 'plate': 'CAV8710', 'lat': 14.6503895, 'lng': 121.068492666667}",cloud,,
cloud_only15,"{'time_now': '2022-03-14T03:02:13.333934', 'time_captured': '2022-03-14T03:02:04.910043', 'plate': 'CAV8710', 'lat': 14.6503895, 'lng': 121.068492666667}",cloud,,
cloud_only15,"{'time_now': '2022-03-14T03:02:13.400504', 'time_captured': '2022-03-14T03:02:04.976710', 'plate': 'CAV8710', 'lat': 14.6504846666667, 'lng': 121.068472833333}",cloud,,
cloud_only15,"{'time_now': '2022-03-14T03:02:13.465399', 'time_captured': '2022-03-14T03:02:05.043377', 'plate': 'NDP3545', 'lat': 14.6504846666667, 'lng': 121.068472833333}",cloud,,
cloud_only15,"{'time_now': '2022-03-14T03:02:13.484645', 'time_captured': '2022-03-14T03:02:05.043377', 'plate': 'CAV8710', 'lat': 14.6504846666667, 'lng': 121.068472833333}",cloud,,
cloud_only15,"{'time_now': '2022-03-14T03:02:13.550630', 'time_captured': '2022-03-14T03:02:05.110043', 'plate': 'CAV8710', 'lat': 14.6504846666667, 'lng': 121.068472833333}",cloud,,
cloud_only15,"{'time_now': '2022-03-14T03:02:13.620741', 'time_captured': '2022-03-14T03:02:05.176710', 'plate': 'CAV8710', 'lat': 14.6504846666667, 'lng': 121.068472833333}",cloud,,
cloud_only15,"{'time_now': '2022-03-14T03:02:13.689282', 'time_captured': '2022-03-14T03:02:05.243377', 'plate': 'CAV8710', 'lat': 14.6504846666667, 'lng': 121.068472833333}",cloud,,
cloud_only15,"{'time_now': '2022-03-14T03:02:13.756999', 'time_captured': '2022-03-14T03:02:05.310043', 'plate': 'CAV8710', 'lat': 14.6504846666667, 'lng': 121.068472833333}",cloud,,
cloud_only15,"{'time_now': '2022-03-14T03:02:13.776425', 'time_captured': '2022-03-14T03:02:05.310043', 'plate': 'WDP3545', 'lat': 14.6504846666667, 'lng': 121.068472833333}",cloud,,
cloud_only15,"{'time_now': '2022-03-14T03:02:13.842481', 'time_captured': '2022-03-14T03:02:05.376710', 'plate': 'CAV8710', 'lat': 14.6504846666667, 'lng': 121.068472833333}",cloud,,
cloud_only15,"{'time_now': '2022-03-14T03:02:13.924346', 'time_captured': '2022-03-14T03:02:05.443377', 'plate': 'CAV8710', 'lat': 14.6504846666667, 'lng': 121.068472833333}",cloud,,
cloud_only15,"{'time_now': '2022-03-14T03:02:13.988210', 'time_captured': '2022-03-14T03:02:05.510043', 'plate': 'CAV8710', 'lat': 14.6504846666667, 'lng': 121.068472833333}",cloud,,
cloud_only15,"{'time_now': '2022-03-14T03:02:14.072012', 'time_captured': '2022-03-14T03:02:05.576710', 'plate': 'CAV8710', 'lat': 14.6504846666667, 'lng': 121.068472833333}",cloud,,
cloud_only15,"{'time_now': '2022-03-14T03:02:14.136783', 'time_captured': '2022-03-14T03:02:05.643377', 'plate': 'CAV8710', 'lat': 14.6504846666667, 'lng': 121.068472833333}",cloud,,
cloud_only15,"{'time_now': '2022-03-14T03:02:14.201228', 'time_captured': '2022-03-14T03:02:05.710043', 'plate': 'CAV8710', 'lat': 14.6504846666667, 'lng': 121.068472833333}",cloud,,
cloud_only15,"{'time_now': '2022-03-14T03:02:14.264952', 'time_captured': '2022-03-14T03:02:05.776710', 'plate': 'CAV8710', 'lat': 14.6504846666667, 'lng': 121.068472833333}",cloud,,
cloud_only15,"{'time_now': '2022-03-14T03:02:14.329124', 'time_captured': '2022-03-14T03:02:05.843377', 'plate': 'CAV8710', 'lat': 14.6504846666667, 'lng': 121.068472833333}",cloud,,
cloud_only15,"{'time_now': '2022-03-14T03:02:14.393646', 'time_captured': '2022-03-14T03:02:05.910043', 'plate': 'CAV8710', 'lat': 14.6504846666667, 'lng': 121.068472833333}",cloud,,
cloud_only15,"{'time_now': '2022-03-14T03:02:14.458383', 'time_captured': '2022-03-14T03:02:05.976710', 'plate': 'CAV8710', 'lat': 14.6505761666667, 'lng': 121.068455333333}",cloud,,
cloud_only15,"{'time_now': '2022-03-14T03:02:14.522031', 'time_captured': '2022-03-14T03:02:06.043377', 'plate': 'CAV8710', 'lat': 14.6505761666667, 'lng': 121.068455333333}",cloud,,
cloud_only15,"{'time_now': '2022-03-14T03:02:14.587761', 'time_captured': '2022-03-14T03:02:06.110043', 'plate': 'CAV8710', 'lat': 14.6505761666667, 'lng': 121.068455333333}",cloud,,
cloud_only15,"{'time_now': '2022-03-14T03:02:14.652905', 'time_captured': '2022-03-14T03:02:06.176710', 'plate': 'CAV8710', 'lat': 14.6505761666667, 'lng': 121.068455333333}",cloud,,
cloud_only15,"{'time_now': '2022-03-14T03:02:14.716172', 'time_captured': '2022-03-14T03:02:06.243377', 'plate': 'CAV8710', 'lat': 14.6505761666667, 'lng': 121.068455333333}",cloud,,
cloud_only15,"{'time_now': '2022-03-14T03:02:14.826929', 'time_captured': '2022-03-14T03:02:06.376710', 'plate': 'CAV8710', 'lat': 14.6505761666667, 'lng': 121.068455333333}",cloud,,
cloud_only15,"{'time_now': '2022-03-14T03:02:14.891592', 'time_captured': '2022-03-14T03:02:06.443377', 'plate': 'CAV8710', 'lat': 14.6505761666667, 'lng': 121.068455333333}",cloud,,
cloud_only15,"{'time_now': '2022-03-14T03:02:14.955458', 'time_captured': '2022-03-14T03:02:06.510043', 'plate': 'CAV8710', 'lat': 14.6505761666667, 'lng': 121.068455333333}",cloud,,
cloud_only15,"{'time_now': '2022-03-14T03:02:15.020991', 'time_captured': '2022-03-14T03:02:06.576710', 'plate': 'CAV8710', 'lat': 14.6505761666667, 'lng': 121.068455333333}",cloud,,
cloud_only15,"{'time_now': '2022-03-14T03:02:15.086359', 'time_captured': '2022-03-14T03:02:06.643377', 'plate': 'CAV8710', 'lat': 14.6505761666667, 'lng': 121.068455333333}",cloud,,
cloud_only15,"{'time_now': '2022-03-14T03:02:15.412730', 'time_captured': '2022-03-14T03:02:07.043377', 'plate': 'CAV8710', 'lat': 14.6506676666667, 'lng': 121.0684365}",cloud,,
cloud_only15,"{'time_now': '2022-03-14T03:02:15.484286', 'time_captured': '2022-03-14T03:02:07.110043', 'plate': 'CAV8710', 'lat': 14.6506676666667, 'lng': 121.0684365}",cloud,,
cloud_only15,"{'time_now': '2022-03-14T03:02:15.595960', 'time_captured': '2022-03-14T03:02:07.243377', 'plate': 'CAV8710', 'lat': 14.6506676666667, 'lng': 121.0684365}",cloud,,
cloud_only15,"{'time_now': '2022-03-14T03:02:15.663028', 'time_captured': '2022-03-14T03:02:07.310043', 'plate': 'CAV8710', 'lat': 14.6506676666667, 'lng': 121.0684365}",cloud,,
cloud_only15,"{'time_now': '2022-03-14T03:02:15.822011', 'time_captured': '2022-03-14T03:02:07.510043', 'plate': 'CAV8719', 'lat': 14.6506676666667, 'lng': 121.0684365}",cloud,,
